{"cameraMode":{"drawMode":0,"name":"Shaded","section":"Shading Mode"},"sceneLighting":false,"audioPlay":false,"sceneViewState":{"showFog":true,"showMaterialUpdate":false,"showSkybox":false,"showFlares":true,"showImageEffects":true,"showParticleSystems":true},"in2DMode":false,"pivot":{"x":274.3280334472656,"y":5.254417419433594,"z":239.54946899414063},"rotation":{"x":-0.30403241515159609,"y":0.18768101930618287,"z":-0.06142410635948181,"w":-0.9321792721748352},"size":5.895605564117432,"orthographic":false}