{"cameraMode":{"drawMode":0,"name":"Shaded","section":"Shading Mode"},"sceneLighting":false,"audioPlay":false,"sceneViewState":{"showFog":true,"showMaterialUpdate":false,"showSkybox":false,"showFlares":true,"showImageEffects":true,"showParticleSystems":true},"in2DMode":false,"pivot":{"x":274.3280334472656,"y":5.254417419433594,"z":239.54946899414063},"rotation":{"x":-0.08775240182876587,"y":0.912236213684082,"z":-0.28549924492836,"w":-0.2803881764411926},"size":5.895605564117432,"orthographic":false}