{"cameraMode":{"drawMode":0,"name":"Shaded","section":"Shading Mode"},"sceneLighting":false,"audioPlay":false,"sceneViewState":{"showFog":true,"showMaterialUpdate":false,"showSkybox":false,"showFlares":true,"showImageEffects":true,"showParticleSystems":true},"in2DMode":false,"pivot":{"x":0.48858287930488589,"y":-0.421598881483078,"z":0.4003828763961792},"rotation":{"x":-0.307079017162323,"y":0.03369848430156708,"z":-0.01085176132619381,"w":-0.9510717988014221},"size":2.7263214588165285,"orthographic":false}